username,date_time,map_num,r_time,points_to,help_rt,rec_path,rec_score
1,2/4/23 0:04,3,8.368,"(1, 0)",7,"[""up"", ""up"", ""right"", ""right"", ""up"", ""up""]",-6
1,2/4/23 0:04,24,2.965,"(0, 4)",9,"[""left"", ""left"", ""left"", ""up"", ""up"", ""up"", ""up"", ""right""]",92
1,2/4/23 0:05,8,28.539,"(2, 3)",9,"[""up"", ""up"", ""right"", ""up"", ""up"", ""right""]",94
1,2/4/23 0:05,12,2.401,"(4, 3)",6,"[""right"", ""up"", ""right"", ""up"", ""right"", ""up"", ""left"", ""up""]",-8
1,2/4/23 0:06,2,7.031,"(0, 4)",5,"[""up"", ""right"", ""up"", ""right"", ""up"", ""up""]",-6
1,2/4/23 0:06,1,2.199,"(2, 0)",9,"[""up"", ""up"", ""up"", ""right"", ""up"", ""right""]",94
1,2/4/23 0:07,28,19.66,"(1, 2)",9,"[""left"", ""left"", ""up"", ""left"", ""left"", ""up"", ""up"", ""up"", ""right"", ""right""]",-10
1,2/4/23 0:07,7,3.809,"(0, 4)",9,"[""up"", ""up"", ""right"", ""up"", ""up"", ""right""]",94
2,2/4/23 0:07,20,6.647,"(3, 1)",7,"[""up"", ""up"", ""left"", ""up"", ""left"", ""up""]",-6
1,2/4/23 0:07,27,3.932,"(1, 3)",8,"[""left"", ""up"", ""left"", ""up"", ""left"", ""left"", ""up"", ""up"", ""right"", ""right""]",-10
2,2/4/23 0:07,4,6.286,"(0, 2)",8,"[""right"", ""up"", ""right"", ""up"", ""up"", ""up""]",94
3,2/4/23 0:08,16,17.999,"(4, 4)",7,"[""left"", ""left"", ""up"", ""up"", ""up"", ""up""]",94
1,2/4/23 0:08,14,10.423,"(3, 2)",9,"[""up"", ""right"", ""right"", ""right"", ""right"", ""up"", ""up"", ""up"", ""left"", ""left""]",90
2,2/4/23 0:08,8,8.322,"(2, 3)",8,"[""up"", ""up"", ""up"", ""right"", ""up"", ""right""]",94
1,2/4/23 0:08,25,5.886,"(1, 0)",9,"[""up"", ""left"", ""up"", ""left"", ""left"", ""up"", ""up"", ""right""]",92
3,2/4/23 0:08,24,7.773,"(0, 4)",7,"[""up"", ""left"", ""up"", ""left"", ""left"", ""up"", ""up"", ""right""]",-8
2,2/4/23 0:08,6,7.856,"(1, 2)",9,"[""right"", ""right"", ""up"", ""up"", ""up"", ""up""]",94
1,2/4/23 0:08,10,4.585,"(2, 2)",9,"[""up"", ""right"", ""right"", ""right"", ""up"", ""up"", ""up"", ""left""]",92
3,2/4/23 0:08,11,4.275,"(3, 0)",7,"[""right"", ""right"", ""up"", ""right"", ""up"", ""up"", ""up"", ""left""]",92
1,2/4/23 0:09,22,4.485,"(4, 4)",9,"[""up"", ""up"", ""left"", ""up"", ""left"", ""up""]",-6
3,2/4/23 0:09,20,7.108,"(3, 2)",9,"[""left"", ""left"", ""up"", ""up"", ""up"", ""up""]",94
2,2/4/23 0:09,1,16.27,"(1, 2)",5,"[""right"", ""up"", ""right"", ""up"", ""up"", ""up""]",94
1,2/4/23 0:09,20,4.685,"(3, 2)",9,"[""left"", ""left"", ""up"", ""up"", ""up"", ""up""]",94
3,2/4/23 0:09,5,7.174,"(2, 3)",7,"[""right"", ""up"", ""up"", ""up"", ""up"", ""right""]",94
4,2/4/23 0:09,21,18.404,"(4, 4)",6,"[""up"", ""up"", ""up"", ""left"", ""up"", ""left""]",94
2,2/4/23 0:09,24,7.378,"(2, 2)",7,"[""left"", ""up"", ""left"", ""left"", ""up"", ""up"", ""right"", ""up""]",92
1,2/4/23 0:09,11,3.072,"(3, 0)",7,"[""right"", ""right"", ""up"", ""up"", ""right"", ""up"", ""left"", ""up""]",-8
3,2/4/23 0:09,21,6.108,"(1, 3)",7,"[""up"", ""up"", ""up"", ""up"", ""left"", ""left""]",-6
1,2/4/23 0:10,16,1.952,"(4, 4)",9,"[""up"", ""up"", ""up"", ""left"", ""left"", ""up""]",94
4,2/4/23 0:10,18,13.639,"(4, 2)",8,"[""up"", ""left"", ""left"", ""up"", ""up"", ""up""]",94
2,2/4/23 0:10,10,4.481,"(2, 2)",9,"[""up"", ""right"", ""right"", ""right"", ""up"", ""up"", ""up"", ""left""]",92
3,2/4/23 0:10,14,9.057,"(3, 2)",6,"[""up"", ""right"", ""right"", ""right"", ""right"", ""up"", ""up"", ""left"", ""left"", ""up""]",90
2,2/4/23 0:10,2,5.183,"(1, 1)",9,"[""right"", ""right"", ""up"", ""up"", ""up"", ""up""]",94
1,2/4/23 0:10,18,6.354,"(4, 2)",8,"[""left"", ""left"", ""up"", ""up"", ""up"", ""up""]",94
3,2/4/23 0:10,4,2.906,"(0, 2)",9,"[""up"", ""right"", ""right"", ""up"", ""up"", ""up""]",94
4,2/4/23 0:10,7,16.423,"(0, 4)",9,"[""up"", ""up"", ""right"", ""up"", ""right"", ""up""]",94
1,2/4/23 0:10,4,2.83,"(0, 2)",9,"[""right"", ""up"", ""up"", ""right"", ""up"", ""up""]",94
2,2/4/23 0:10,23,8.097,"(3, 3)",6,"[""up"", ""up"", ""left"", ""left"", ""up"", ""up""]",94
3,2/4/23 0:11,3,12.314,"(1, 0)",7,"[""up"", ""up"", ""right"", ""up"", ""up"", ""right""]",94
4,2/4/23 0:11,16,13.275,"(3, 1)",6,"[""up"", ""up"", ""left"", ""up"", ""up"", ""left""]",94
1,2/4/23 0:11,23,9.515,"(3, 3)",9,"[""up"", ""up"", ""up"", ""up"", ""left"", ""left""]",-6
2,2/4/23 0:11,5,8.523,"(2, 1)",7,"[""up"", ""up"", ""up"", ""up"", ""right"", ""right""]",94
3,2/4/23 0:11,8,7.54,"(0, 4)",6,"[""up"", ""up"", ""right"", ""up"", ""right"", ""up""]",-6
1,2/4/23 0:11,9,2.988,"(1, 3)",9,"[""up"", ""up"", ""up"", ""up"", ""right"", ""right""]",-6
2,2/4/23 0:11,3,4.074,"(1, 0)",8,"[""up"", ""up"", ""right"", ""right"", ""up"", ""up""]",-6
3,2/4/23 0:11,7,8.873,"(0, 4)",6,"[""up"", ""up"", ""right"", ""up"", ""right"", ""up""]",94
5,2/4/23 0:12,13,4.328,"(3, 3)",9,"[""up"", ""up"", ""right"", ""right"", ""right"", ""right"", ""up"", ""up"", ""left"", ""left""]",90
1,2/4/23 0:12,6,3.494,"(1, 1)",9,"[""right"", ""right"", ""up"", ""up"", ""up"", ""up""]",94
4,2/4/23 0:12,15,35.266,"(2, 0)",6,"[""up"", ""left"", ""up"", ""up"", ""up"", ""left""]",-6
2,2/4/23 0:12,16,7.378,"(1, 3)",7,"[""left"", ""up"", ""up"", ""left"", ""up"", ""up""]",-6
3,2/4/23 0:12,17,3.475,"(3, 0)",6,"[""up"", ""up"", ""up"", ""left"", ""up"", ""left""]",94
3,2/4/23 0:12,19,6.876,"(2, 1)",6,"[""up"", ""up"", ""up"", ""up"", ""left"", ""left""]",94
1,2/4/23 0:12,21,3.019,"(4, 4)",9,"[""up"", ""up"", ""left"", ""left"", ""up"", ""up""]",94
5,2/4/23 0:12,19,5.066,"(2, 3)",8,"[""left"", ""up"", ""up"", ""up"", ""up"", ""left""]",94
2,2/4/23 0:12,28,7.496,"(1, 2)",7,"[""up"", ""left"", ""left"", ""left"", ""left"", ""up"", ""up"", ""right"", ""right"", ""up""]",90
1,2/4/23 0:12,19,2.237,"(2, 1)",9,"[""up"", ""up"", ""up"", ""left"", ""left"", ""up""]",-6
3,2/4/23 0:12,18,3.241,"(4, 2)",9,"[""left"", ""left"", ""up"", ""up"", ""up"", ""up""]",94
2,2/4/23 0:12,17,7.296,"(3, 0)",7,"[""up"", ""left"", ""left"", ""up"", ""up"", ""up""]",-6
5,2/4/23 0:12,6,2.93,"(1, 2)",9,"[""up"", ""up"", ""up"", ""right"", ""right"", ""up""]",94
1,2/4/23 0:12,26,2.229,"(2, 1)",9,"[""up"", ""up"", ""left"", ""left"", ""left"", ""up"", ""up"", ""right""]",-8
4,2/4/23 0:12,28,39.186,"(1, 2)",7,"[""left"", ""up"", ""left"", ""left"", ""left"", ""up"", ""up"", ""up"", ""right"", ""right""]",90
3,2/4/23 0:13,27,5.757,"(1, 3)",6,"[""left"", ""left"", ""up"", ""left"", ""up"", ""left"", ""up"", ""up"", ""right"", ""right""]",90
2,2/4/23 0:13,7,6.451,"(0, 4)",8,"[""up"", ""up"", ""right"", ""up"", ""right"", ""up""]",94
5,2/4/23 0:13,3,2.538,"(1, 0)",9,"[""up"", ""up"", ""right"", ""up"", ""right"", ""up""]",-6
1,2/4/23 0:13,17,3.989,"(2, 3)",9,"[""left"", ""up"", ""up"", ""up"", ""up"", ""left""]",-6
4,2/4/23 0:13,13,14.259,"(3, 3)",7,"[""up"", ""right"", ""right"", ""right"", ""up"", ""right"", ""up"", ""up"", ""left"", ""left""]",-10
3,2/4/23 0:13,12,8.242,"(4, 3)",6,"[""right"", ""up"", ""up"", ""right"", ""right"", ""up"", ""left"", ""up""]",92
5,2/4/23 0:13,5,8.955,"(2, 3)",9,"[""right"", ""up"", ""up"", ""up"", ""up"", ""right""]",94
2,2/4/23 0:13,18,6.951,"(4, 2)",9,"[""up"", ""left"", ""left"", ""up"", ""up"", ""up""]",94
1,2/4/23 0:13,15,2.195,"(2, 0)",9,"[""up"", ""up"", ""up"", ""up"", ""left"", ""left""]",94
4,2/4/23 0:13,22,11.156,"(4, 4)",9,"[""up"", ""up"", ""left"", ""up"", ""left"", ""up""]",-6
3,2/4/23 0:13,22,8.107,"(2, 3)",6,"[""up"", ""up"", ""left"", ""up"", ""up"", ""left""]",94
2,2/4/23 0:14,25,6.768,"(1, 0)",7,"[""up"", ""up"", ""left"", ""left"", ""left"", ""up"", ""up"", ""right""]",92
1,2/4/23 0:14,13,1.586,"(3, 3)",9,"[""right"", ""up"", ""up"", ""right"", ""right"", ""right"", ""up"", ""up"", ""left"", ""left""]",-10
5,2/4/23 0:14,27,5.266,"(1, 3)",9,"[""left"", ""up"", ""left"", ""up"", ""left"", ""left"", ""up"", ""up"", ""right"", ""right""]",-10
4,2/4/23 0:14,9,9.813,"(1, 3)",9,"[""up"", ""up"", ""right"", ""right"", ""up"", ""up""]",94
3,2/4/23 0:14,2,8.478,"(0, 4)",6,"[""up"", ""right"", ""up"", ""right"", ""up"", ""up""]",-6
5,2/4/23 0:14,18,10.29,"(4, 2)",9,"[""up"", ""left"", ""up"", ""left"", ""up"", ""up""]",94
1,2/4/23 0:14,5,1.909,"(2, 3)",9,"[""up"", ""up"", ""up"", ""up"", ""right"", ""right""]",94
2,2/4/23 0:14,22,15.484,"(2, 3)",4,"[""up"", ""up"", ""up"", ""left"", ""up"", ""left""]",94
4,2/4/23 0:14,25,5.956,"(1, 0)",9,"[""left"", ""up"", ""up"", ""left"", ""left"", ""up"", ""up"", ""right""]",92
3,2/4/23 0:14,28,7.057,"(1, 2)",6,"[""left"", ""up"", ""left"", ""left"", ""left"", ""up"", ""up"", ""up"", ""right"", ""right""]",90
2,2/4/23 0:14,13,8.722,"(3, 3)",8,"[""right"", ""right"", ""right"", ""up"", ""up"", ""right"", ""up"", ""up"", ""left"", ""left""]",90
4,2/4/23 0:15,23,11.011,"(3, 3)",6,"[""up"", ""up"", ""up"", ""up"", ""left"", ""left""]",-6
3,2/4/23 0:15,1,7.209,"(2, 0)",6,"[""right"", ""up"", ""right"", ""up"", ""up"", ""up""]",94
4,2/4/23 0:15,14,8.166,"(3, 2)",4,"[""up"", ""right"", ""right"", ""right"", ""right"", ""up"", ""up"", ""up"", ""left"", ""left""]",90
2,2/4/23 0:15,14,6.816,"(3, 2)",3,"[""right"", ""right"", ""up"", ""right"", ""right"", ""up"", ""up"", ""up"", ""left"", ""left""]",-10
5,2/4/23 0:15,11,43.812,"(2, 3)",6,"[""up"", ""right"", ""right"", ""up"", ""right"", ""up"", ""up"", ""left""]",92
3,2/4/23 0:15,6,5.058,"(1, 1)",6,"[""up"", ""up"", ""right"", ""up"", ""up"", ""right""]",-6
2,2/4/23 0:15,26,4.49,"(2, 1)",5,"[""left"", ""up"", ""up"", ""left"", ""left"", ""up"", ""up"", ""right""]",92
5,2/4/23 0:15,7,6.999,"(0, 4)",9,"[""up"", ""up"", ""right"", ""up"", ""up"", ""right""]",94
4,2/4/23 0:15,27,9.942,"(1, 3)",3,"[""left"", ""left"", ""left"", ""up"", ""left"", ""up"", ""up"", ""up"", ""right"", ""right""]",90
3,2/4/23 0:15,9,6.859,"(0, 4)",5,"[""up"", ""up"", ""right"", ""up"", ""up"", ""right""]",-6
2,2/4/23 0:16,19,7.124,"(2, 3)",5,"[""left"", ""up"", ""up"", ""up"", ""up"", ""left""]",94
3,2/4/23 0:16,15,5.14,"(2, 0)",6,"[""up"", ""left"", ""up"", ""left"", ""up"", ""up""]",-6
5,2/4/23 0:16,9,3.702,"(1, 3)",6,"[""up"", ""up"", ""up"", ""up"", ""right"", ""right""]",-6
4,2/4/23 0:16,26,5.861,"(2, 1)",6,"[""up"", ""left"", ""up"", ""left"", ""left"", ""up"", ""up"", ""right""]",92
5,2/4/23 0:16,21,2.741,"(4, 4)",9,"[""up"", ""up"", ""left"", ""left"", ""up"", ""up""]",94
3,2/4/23 0:16,10,9.157,"(4, 4)",5,"[""up"", ""right"", ""up"", ""right"", ""right"", ""up"", ""up"", ""left""]",-8
2,2/4/23 0:16,11,6.489,"(3, 0)",6,"[""up"", ""up"", ""right"", ""right"", ""right"", ""up"", ""left"", ""up""]",-8
4,2/4/23 0:16,3,10.27,"(1, 0)",7,"[""up"", ""right"", ""right"", ""up"", ""up"", ""up""]",-6
5,2/4/23 0:16,4,3.85,"(0, 2)",9,"[""right"", ""right"", ""up"", ""up"", ""up"", ""up""]",94
2,2/4/23 0:17,27,4.006,"(1, 3)",8,"[""up"", ""up"", ""left"", ""left"", ""left"", ""left"", ""up"", ""up"", ""right"", ""right""]",90
4,2/4/23 0:17,12,7.255,"(2, 1)",5,"[""up"", ""up"", ""right"", ""right"", ""right"", ""up"", ""up"", ""left""]",-8
3,2/4/23 0:17,26,5.822,"(4, 2)",5,"[""left"", ""left"", ""up"", ""left"", ""up"", ""up"", ""up"", ""right""]",-8
5,2/4/23 0:17,28,2.632,"(1, 2)",7,"[""left"", ""left"", ""up"", ""left"", ""left"", ""up"", ""up"", ""right"", ""up"", ""right""]",-10
3,2/4/23 0:17,25,5.191,"(2, 3)",6,"[""up"", ""up"", ""left"", ""left"", ""left"", ""up"", ""up"", ""right""]",92
2,2/4/23 0:17,9,7.209,"(1, 3)",6,"[""up"", ""up"", ""up"", ""up"", ""right"", ""right""]",-6
4,2/4/23 0:17,6,15.718,"(1, 2)",8,"[""right"", ""right"", ""up"", ""up"", ""up"", ""up""]",94
5,2/4/23 0:17,22,18.072,"(2, 3)",6,"[""up"", ""up"", ""left"", ""up"", ""up"", ""left""]",94
3,2/4/23 0:17,23,7.905,"(4, 4)",6,"[""up"", ""up"", ""up"", ""left"", ""up"", ""left""]",-6
2,2/4/23 0:17,21,9.386,"(4, 4)",9,"[""up"", ""up"", ""up"", ""left"", ""left"", ""up""]",94
4,2/4/23 0:17,17,5.135,"(3, 0)",6,"[""up"", ""up"", ""left"", ""left"", ""up"", ""up""]",-6
5,2/4/23 0:17,17,3.285,"(3, 0)",9,"[""up"", ""up"", ""left"", ""left"", ""up"", ""up""]",-6
3,2/4/23 0:18,13,5.971,"(3, 3)",5,"[""up"", ""up"", ""right"", ""right"", ""right"", ""right"", ""up"", ""up"", ""left"", ""left""]",90
5,2/4/23 0:18,10,1.945,"(2, 2)",9,"[""up"", ""right"", ""right"", ""right"", ""up"", ""up"", ""up"", ""left""]",92
2,2/4/23 0:18,12,10.791,"(4, 3)",4,"[""right"", ""up"", ""up"", ""right"", ""right"", ""up"", ""left"", ""up""]",92
4,2/4/23 0:18,1,15.682,"(2, 0)",4,"[""up"", ""up"", ""right"", ""up"", ""right"", ""up""]",-6
2,2/4/23 0:18,15,12.194,"(2, 0)",7,"[""up"", ""left"", ""up"", ""left"", ""up"", ""up""]",-6
5,2/4/23 0:18,20,3.341,"(3, 2)",9,"[""left"", ""left"", ""up"", ""up"", ""up"", ""up""]",94
4,2/4/23 0:18,11,6.267,"(3, 0)",3,"[""right"", ""up"", ""up"", ""right"", ""right"", ""up"", ""up"", ""left""]",92
5,2/4/23 0:19,2,3.377,"(1, 1)",9,"[""right"", ""right"", ""up"", ""up"", ""up"", ""up""]",94
4,2/4/23 0:19,4,5.87,"(0, 2)",7,"[""right"", ""up"", ""up"", ""up"", ""up"", ""right""]",94
5,2/4/23 0:19,23,10.354,"(3, 3)",6,"[""up"", ""up"", ""up"", ""up"", ""left"", ""left""]",-6
5,2/4/23 0:19,12,1.467,"(2, 1)",9,"[""up"", ""right"", ""up"", ""right"", ""right"", ""up"", ""left"", ""up""]",92
4,2/4/23 0:19,10,12.17,"(2, 2)",8,"[""up"", ""right"", ""right"", ""right"", ""up"", ""up"", ""up"", ""left""]",92
5,2/4/23 0:20,8,4.734,"(2, 3)",6,"[""up"", ""up"", ""up"", ""up"", ""right"", ""right""]",-6
4,2/4/23 0:20,20,9.17,"(3, 2)",9,"[""left"", ""left"", ""up"", ""up"", ""up"", ""up""]",94
4,2/4/23 0:20,2,8.179,"(1, 1)",4,"[""up"", ""up"", ""up"", ""up"", ""right"", ""right""]",-6
5,2/4/23 0:20,16,13.476,"(4, 4)",6,"[""left"", ""left"", ""up"", ""up"", ""up"", ""up""]",94
4,2/4/23 0:20,5,9.268,"(2, 3)",9,"[""right"", ""up"", ""up"", ""up"", ""up"", ""right""]",94
5,2/4/23 0:21,25,19.391,"(2, 3)",7,"[""up"", ""up"", ""left"", ""left"", ""left"", ""up"", ""up"", ""right""]",92
4,2/4/23 0:21,24,5.659,"(2, 2)",9,"[""left"", ""up"", ""left"", ""left"", ""up"", ""up"", ""up"", ""right""]",92
5,2/4/23 0:21,14,2.36,"(3, 2)",7,"[""right"", ""up"", ""right"", ""right"", ""right"", ""up"", ""up"", ""left"", ""up"", ""left""]",90
5,2/4/23 0:21,15,6.195,"(2, 0)",7,"[""up"", ""up"", ""left"", ""up"", ""up"", ""left""]",-6
4,2/4/23 0:22,8,23.92,"(2, 3)",3,"[""up"", ""up"", ""right"", ""up"", ""up"", ""right""]",94
5,2/4/23 0:22,24,4.668,"(2, 2)",9,"[""left"", ""up"", ""left"", ""left"", ""up"", ""up"", ""right"", ""up""]",92
4,2/4/23 0:22,19,11.617,"(2, 3)",7,"[""up"", ""left"", ""up"", ""up"", ""up"", ""left""]",94
5,2/4/23 0:22,1,4.026,"(2, 0)",7,"[""right"", ""up"", ""right"", ""up"", ""up"", ""up""]",94
5,2/4/23 0:23,26,13.938,"(2, 1)",8,"[""up"", ""left"", ""up"", ""left"", ""left"", ""up"", ""right"", ""up""]",92
6,2/4/23 4:02,24,5.322,"(2, 2)",8,"[""up"", ""left"", ""left"", ""left"", ""up"", ""up"", ""up"", ""right""]",92
6,2/4/23 4:02,15,3.692,"(3, 2)",8,"[""left"", ""left"", ""up"", ""up"", ""up"", ""up""]",-6
6,2/4/23 4:02,12,4.209,"(2, 1)",7,"[""right"", ""up"", ""up"", ""right"", ""right"", ""up"", ""left"", ""up""]",92
6,2/4/23 4:03,8,3.228,"(2, 3)",8,"[""up"", ""up"", ""right"", ""up"", ""up"", ""right""]",94
6,2/4/23 4:03,13,2.411,"(3, 3)",8,"[""right"", ""up"", ""up"", ""right"", ""right"", ""right"", ""up"", ""up"", ""left"", ""left""]",-10
6,2/4/23 4:03,6,2.743,"(1, 2)",8,"[""up"", ""up"", ""up"", ""right"", ""right"", ""up""]",94
7,2/4/23 4:03,25,13.401,"(2, 3)",9,"[""up"", ""left"", ""up"", ""left"", ""left"", ""up"", ""up"", ""right""]",92
6,2/4/23 4:04,25,8.924,"(1, 0)",8,"[""left"", ""up"", ""up"", ""left"", ""left"", ""up"", ""right"", ""up""]",-8
7,2/4/23 4:04,28,6.218,"(1, 2)",2,"[""left"", ""up"", ""left"", ""left"", ""left"", ""up"", ""up"", ""right"", ""up"", ""right""]",90
6,2/4/23 4:04,27,4.844,"(1, 3)",8,"[""left"", ""up"", ""left"", ""up"", ""left"", ""left"", ""up"", ""up"", ""right"", ""right""]",-10
6,2/4/23 4:04,23,5.043,"(3, 3)",8,"[""up"", ""up"", ""left"", ""left"", ""up"", ""up""]",94
7,2/4/23 4:04,23,10.915,"(3, 3)",3,"[""up"", ""up"", ""left"", ""left"", ""up"", ""up""]",94
6,2/4/23 4:05,9,6.591,"(1, 3)",5,"[""up"", ""up"", ""right"", ""right"", ""up"", ""up""]",94
7,2/4/23 4:05,5,10.535,"(2, 3)",5,"[""right"", ""up"", ""up"", ""up"", ""up"", ""right""]",94
6,2/4/23 4:05,10,5.559,"(4, 4)",8,"[""up"", ""up"", ""right"", ""right"", ""right"", ""up"", ""left"", ""up""]",-108
7,2/4/23 4:05,19,8.608,"(2, 1)",1,"[""left"", ""up"", ""up"", ""left"", ""up"", ""up""]",-6
6,2/4/23 4:06,4,4.493,"(0, 2)",8,"[""up"", ""right"", ""up"", ""up"", ""up"", ""right""]",94
7,2/4/23 4:06,10,7.108,"(4, 4)",1,"[""right"", ""up"", ""right"", ""up"", ""right"", ""up"", ""left"", ""up""]",-8
6,2/4/23 4:06,26,2.645,"(2, 1)",8,"[""up"", ""left"", ""up"", ""left"", ""left"", ""up"", ""right"", ""up""]",92
6,2/4/23 4:06,1,2.162,"(1, 2)",8,"[""right"", ""right"", ""up"", ""up"", ""up"", ""up""]",-6
7,2/4/23 4:06,24,2.531,"(2, 2)",3,"[""left"", ""left"", ""left"", ""up"", ""up"", ""up"", ""up"", ""right""]",92
6,2/4/23 4:06,5,4.212,"(2, 3)",8,"[""right"", ""up"", ""up"", ""up"", ""up"", ""right""]",94
7,2/4/23 4:06,3,4.125,"(1, 0)",5,"[""up"", ""up"", ""right"", ""up"", ""up"", ""right""]",94
6,2/4/23 4:07,22,2.06,"(4, 4)",8,"[""up"", ""up"", ""left"", ""left"", ""up"", ""up""]",-6
7,2/4/23 4:07,16,6.274,"(3, 1)",3,"[""left"", ""left"", ""up"", ""up"", ""up"", ""up""]",94
6,2/4/23 4:07,18,3.676,"(4, 2)",8,"[""up"", ""left"", ""left"", ""up"", ""up"", ""up""]",94
7,2/4/23 4:07,8,9.495,"(2, 3)",4,"[""up"", ""up"", ""right"", ""up"", ""up"", ""right""]",94
6,2/4/23 4:07,11,2.713,"(3, 0)",8,"[""up"", ""right"", ""up"", ""right"", ""right"", ""up"", ""left"", ""up""]",-8
7,2/4/23 4:07,11,7.241,"(2, 3)",2,"[""up"", ""right"", ""up"", ""right"", ""right"", ""up"", ""up"", ""left""]",92
6,2/4/23 4:08,28,3.26,"(1, 2)",8,"[""left"", ""left"", ""left"", ""left"", ""up"", ""up"", ""up"", ""right"", ""right"", ""up""]",-10
7,2/4/23 4:08,21,5.011,"(4, 4)",4,"[""up"", ""up"", ""up"", ""left"", ""up"", ""left""]",94
6,2/4/23 4:08,14,6.492,"(3, 2)",7,"[""right"", ""up"", ""right"", ""right"", ""right"", ""up"", ""up"", ""up"", ""left"", ""left""]",90
7,2/4/23 4:08,12,10.728,"(2, 1)",4,"[""right"", ""up"", ""up"", ""right"", ""right"", ""up"", ""up"", ""left""]",92
6,2/4/23 4:08,16,6.847,"(4, 4)",8,"[""left"", ""up"", ""up"", ""up"", ""up"", ""left""]",-6
7,2/4/23 4:09,20,7.504,"(3, 1)",3,"[""up"", ""up"", ""left"", ""up"", ""up"", ""left""]",-6
6,2/4/23 4:09,19,7.445,"(2, 3)",8,"[""up"", ""left"", ""up"", ""up"", ""up"", ""left""]",94
6,2/4/23 4:09,2,3.229,"(0, 4)",8,"[""up"", ""right"", ""right"", ""up"", ""up"", ""up""]",-6
7,2/4/23 4:09,9,9.655,"(4, 2)",3,"[""up"", ""up"", ""up"", ""up"", ""right"", ""right""]",-6
8,2/4/23 4:09,19,17.425,"(2, 3)",9,"[""up"", ""left"", ""up"", ""up"", ""up"", ""left""]",94
6,2/4/23 4:09,17,5.376,"(2, 3)",8,"[""up"", ""up"", ""left"", ""up"", ""up"", ""left""]",94
7,2/4/23 4:09,7,7.358,"(0, 4)",4,"[""up"", ""up"", ""right"", ""up"", ""up"", ""right""]",94
6,2/4/23 4:10,3,3.395,"(2, 3)",8,"[""right"", ""up"", ""up"", ""up"", ""up"", ""right""]",-6
8,2/4/23 4:10,11,6.159,"(3, 0)",9,"[""right"", ""right"", ""up"", ""up"", ""right"", ""up"", ""up"", ""left""]",92
7,2/4/23 4:10,26,6.598,"(2, 1)",4,"[""left"", ""up"", ""up"", ""left"", ""left"", ""up"", ""up"", ""right""]",92
6,2/4/23 4:10,21,2.661,"(4, 4)",8,"[""up"", ""up"", ""left"", ""up"", ""up"", ""left""]",94
7,2/4/23 4:10,6,2.325,"(1, 1)",3,"[""right"", ""right"", ""up"", ""up"", ""up"", ""up""]",94
6,2/4/23 4:10,7,2.761,"(0, 4)",8,"[""up"", ""up"", ""up"", ""right"", ""right"", ""up""]",94
7,2/4/23 4:10,27,2.394,"(1, 3)",5,"[""up"", ""up"", ""left"", ""left"", ""left"", ""left"", ""up"", ""up"", ""right"", ""right""]",90
6,2/4/23 4:10,20,4.543,"(3, 2)",9,"[""up"", ""up"", ""up"", ""left"", ""left"", ""up""]",94
8,2/4/23 4:11,8,47.062,"(2, 3)",5,"[""up"", ""up"", ""right"", ""up"", ""up"", ""right""]",94
7,2/4/23 4:11,14,4.911,"(3, 2)",2,"[""right"", ""up"", ""right"", ""right"", ""right"", ""up"", ""up"", ""left"", ""up"", ""left""]",90
7,2/4/23 4:11,1,6.606,"(2, 0)",5,"[""right"", ""up"", ""right"", ""up"", ""up"", ""up""]",94
8,2/4/23 4:11,7,7.171,"(0, 4)",9,"[""up"", ""up"", ""up"", ""right"", ""up"", ""right""]",94
8,2/4/23 4:11,21,5.536,"(4, 4)",9,"[""up"", ""up"", ""left"", ""left"", ""up"", ""up""]",94
7,2/4/23 4:11,13,3.3,"(3, 3)",5,"[""up"", ""up"", ""right"", ""right"", ""right"", ""right"", ""up"", ""up"", ""left"", ""left""]",90
7,2/4/23 4:12,2,3.974,"(1, 1)",3,"[""right"", ""right"", ""up"", ""up"", ""up"", ""up""]",94
7,2/4/23 4:12,18,7.268,"(4, 2)",3,"[""left"", ""left"", ""up"", ""up"", ""up"", ""up""]",94
8,2/4/23 4:12,17,27.137,"(2, 3)",8,"[""left"", ""up"", ""up"", ""up"", ""up"", ""left""]",-6
7,2/4/23 4:12,22,7.605,"(2, 3)",4,"[""up"", ""up"", ""up"", ""left"", ""up"", ""left""]",94
8,2/4/23 4:13,3,8.253,"(1, 0)",9,"[""up"", ""up"", ""up"", ""up"", ""right"", ""right""]",94
7,2/4/23 4:13,17,5.512,"(3, 0)",5,"[""up"", ""up"", ""left"", ""up"", ""up"", ""left""]",94
7,2/4/23 4:13,15,6.137,"(2, 0)",5,"[""left"", ""up"", ""left"", ""up"", ""up"", ""up""]",94
8,2/4/23 4:13,27,6.844,"(1, 3)",9,"[""left"", ""up"", ""up"", ""left"", ""left"", ""left"", ""up"", ""up"", ""right"", ""right""]",-10
7,2/4/23 4:13,4,3.179,"(0, 2)",3,"[""up"", ""right"", ""right"", ""up"", ""up"", ""up""]",94
8,2/4/23 4:13,5,5.339,"(2, 3)",9,"[""right"", ""up"", ""up"", ""up"", ""up"", ""right""]",94
8,2/4/23 4:14,6,5.817,"(1, 2)",9,"[""up"", ""up"", ""up"", ""up"", ""right"", ""right""]",94
8,2/4/23 4:14,2,18.502,"(0, 4)",9,"[""up"", ""up"", ""up"", ""right"", ""right"", ""up""]",94
8,2/4/23 4:15,13,8.531,"(3, 3)",9,"[""up"", ""right"", ""right"", ""up"", ""right"", ""right"", ""up"", ""up"", ""left"", ""left""]",-10
8,2/4/23 4:15,24,5.148,"(2, 2)",9,"[""up"", ""left"", ""left"", ""left"", ""up"", ""up"", ""up"", ""right""]",92
8,2/4/23 4:16,15,53.947,"(2, 0)",7,"[""up"", ""up"", ""up"", ""up"", ""left"", ""left""]",94
8,2/4/23 4:17,1,6.056,"(2, 0)",9,"[""right"", ""up"", ""right"", ""up"", ""up"", ""up""]",94
8,2/4/23 4:17,20,13.871,"(3, 2)",9,"[""left"", ""left"", ""up"", ""up"", ""up"", ""up""]",94
8,2/4/23 4:18,23,14.704,"(3, 3)",9,"[""up"", ""up"", ""left"", ""left"", ""up"", ""up""]",94
8,2/4/23 4:18,28,11.872,"(1, 2)",9,"[""left"", ""up"", ""left"", ""left"", ""left"", ""up"", ""up"", ""right"", ""right"", ""up""]",90
8,2/4/23 4:19,16,7.991,"(3, 1)",8,"[""up"", ""up"", ""up"", ""left"", ""up"", ""left""]",94
8,2/4/23 4:19,14,6.995,"(3, 2)",9,"[""up"", ""right"", ""right"", ""right"", ""right"", ""up"", ""up"", ""left"", ""left"", ""up""]",90
8,2/4/23 4:20,12,8.16,"(2, 1)",9,"[""up"", ""right"", ""up"", ""right"", ""right"", ""up"", ""up"", ""left""]",92
8,2/4/23 4:20,26,3.857,"(2, 1)",9,"[""up"", ""left"", ""up"", ""left"", ""left"", ""up"", ""right"", ""up""]",92
8,2/4/23 4:20,18,4.021,"(4, 2)",9,"[""up"", ""left"", ""up"", ""up"", ""up"", ""left""]",94
8,2/4/23 4:21,4,3.671,"(0, 2)",9,"[""up"", ""right"", ""up"", ""right"", ""up"", ""up""]",94
8,2/4/23 4:21,10,4,"(2, 2)",9,"[""right"", ""right"", ""up"", ""right"", ""up"", ""up"", ""up"", ""left""]",92
8,2/4/23 4:22,9,20.476,"(1, 3)",7,"[""up"", ""up"", ""up"", ""up"", ""right"", ""right""]",-6
8,2/4/23 4:22,22,20.317,"(2, 3)",8,"[""up"", ""up"", ""up"", ""up"", ""left"", ""left""]",-6
8,2/4/23 4:23,25,7.969,"(2, 3)",8,"[""left"", ""up"", ""left"", ""up"", ""left"", ""up"", ""up"", ""right""]",92
9,2/4/23 5:08,14,20.698,"(3, 2)",4,"[""up"", ""right"", ""right"", ""right"", ""right"", ""up"", ""up"", ""left"", ""up"", ""left""]",90
9,2/4/23 5:09,16,4.501,"(4, 4)",8,"[""left"", ""left"", ""up"", ""up"", ""up"", ""up""]",94
9,2/4/23 5:09,1,5.857,"(2, 0)",7,"[""up"", ""right"", ""right"", ""up"", ""up"", ""up""]",94
9,2/4/23 5:09,23,8.663,"(3, 3)",4,"[""up"", ""up"", ""up"", ""up"", ""left"", ""left""]",-6
9,2/4/23 5:10,9,10.316,"(0, 4)",3,"[""up"", ""up"", ""right"", ""right"", ""up"", ""up""]",94
9,2/4/23 5:10,27,5.091,"(1, 3)",7,"[""left"", ""up"", ""up"", ""left"", ""left"", ""left"", ""up"", ""up"", ""right"", ""right""]",-10
9,2/4/23 5:11,28,6.033,"(1, 2)",4,"[""up"", ""left"", ""left"", ""left"", ""left"", ""up"", ""up"", ""right"", ""up"", ""right""]",90
9,2/4/23 5:11,25,20.657,"(2, 3)",4,"[""left"", ""up"", ""up"", ""left"", ""left"", ""up"", ""up"", ""right""]",92
9,2/4/23 5:12,2,4.005,"(0, 4)",6,"[""right"", ""right"", ""up"", ""up"", ""up"", ""up""]",94
9,2/4/23 5:12,19,8.423,"(2, 3)",5,"[""up"", ""up"", ""up"", ""left"", ""up"", ""left""]",94
9,2/4/23 5:12,11,7.885,"(2, 3)",4,"[""up"", ""right"", ""right"", ""up"", ""right"", ""up"", ""up"", ""left""]",92
9,2/4/23 5:13,17,9.982,"(2, 3)",5,"[""up"", ""up"", ""up"", ""up"", ""left"", ""left""]",94
9,2/4/23 5:13,3,3.808,"(2, 3)",6,"[""up"", ""up"", ""right"", ""up"", ""up"", ""right""]",94
9,2/4/23 5:13,7,3.537,"(0, 4)",8,"[""up"", ""up"", ""right"", ""right"", ""up"", ""up""]",94
9,2/4/23 5:14,5,6.578,"(2, 3)",7,"[""right"", ""up"", ""up"", ""up"", ""up"", ""right""]",94
9,2/4/23 5:14,10,3.961,"(2, 2)",7,"[""up"", ""right"", ""right"", ""right"", ""up"", ""up"", ""up"", ""left""]",92
9,2/4/23 5:15,21,6.496,"(4, 4)",7,"[""up"", ""up"", ""left"", ""up"", ""left"", ""up""]",94
9,2/4/23 5:15,12,12.117,"(2, 1)",5,"[""up"", ""up"", ""right"", ""right"", ""right"", ""up"", ""left"", ""up""]",-8
9,2/4/23 5:15,6,4.084,"(1, 1)",6,"[""right"", ""right"", ""up"", ""up"", ""up"", ""up""]",94
9,2/4/23 5:16,24,3.312,"(2, 2)",8,"[""left"", ""left"", ""left"", ""up"", ""up"", ""up"", ""up"", ""right""]",92
9,2/4/23 5:16,26,5.536,"(4, 2)",4,"[""up"", ""left"", ""left"", ""left"", ""up"", ""up"", ""up"", ""right""]",-8
9,2/4/23 5:17,15,13.779,"(2, 0)",6,"[""left"", ""up"", ""left"", ""up"", ""up"", ""up""]",94
9,2/4/23 5:17,22,7.6,"(4, 4)",6,"[""up"", ""up"", ""left"", ""up"", ""left"", ""up""]",-6
9,2/4/23 5:17,18,2.79,"(4, 2)",9,"[""up"", ""left"", ""up"", ""up"", ""left"", ""up""]",94
9,2/4/23 5:18,4,2.185,"(0, 2)",9,"[""up"", ""right"", ""up"", ""up"", ""right"", ""up""]",94
9,2/4/23 5:18,13,4.111,"(3, 3)",6,"[""right"", ""up"", ""right"", ""right"", ""right"", ""up"", ""up"", ""up"", ""left"", ""left""]",-10
9,2/4/23 5:18,8,14.274,"(0, 4)",6,"[""up"", ""up"", ""up"", ""right"", ""right"", ""up""]",-6
9,2/4/23 5:19,20,2.018,"(3, 1)",9,"[""up"", ""up"", ""left"", ""up"", ""up"", ""left""]",-6
10,2/4/23 6:51,5,46.824,"(2, 1)",6,"[""right"", ""up"", ""up"", ""up"", ""up"", ""right""]",94
10,2/4/23 6:51,8,10.925,"(2, 3)",7,"[""up"", ""up"", ""up"", ""up"", ""right"", ""right""]",-6
10,2/4/23 6:52,21,11.622,"(4, 4)",6,"[""up"", ""up"", ""left"", ""left"", ""up"", ""up""]",94
10,2/4/23 6:52,4,10.328,"(0, 2)",5,"[""right"", ""right"", ""up"", ""up"", ""up"", ""up""]",94
10,2/4/23 6:53,12,15.024,"(2, 1)",7,"[""up"", ""right"", ""up"", ""right"", ""right"", ""up"", ""left"", ""up""]",92
10,2/4/23 6:53,28,13.718,"(1, 2)",3,"[""up"", ""left"", ""left"", ""left"", ""left"", ""up"", ""up"", ""right"", ""right"", ""up""]",90
10,2/4/23 6:54,2,10.458,"(1, 1)",4,"[""up"", ""up"", ""up"", ""up"", ""right"", ""right""]",-6
10,2/4/23 6:54,9,5.257,"(1, 3)",9,"[""up"", ""up"", ""up"", ""up"", ""right"", ""right""]",-6
10,2/4/23 6:54,11,5.056,"(3, 0)",5,"[""right"", ""up"", ""up"", ""right"", ""right"", ""up"", ""left"", ""up""]",-8
10,2/4/23 6:55,24,7.789,"(0, 4)",5,"[""up"", ""left"", ""left"", ""up"", ""left"", ""up"", ""right"", ""up""]",-8
10,2/4/23 6:55,7,4.724,"(0, 4)",9,"[""up"", ""up"", ""right"", ""up"", ""right"", ""up""]",94
10,2/4/23 6:56,20,14.661,"(3, 2)",9,"[""left"", ""left"", ""up"", ""up"", ""up"", ""up""]",94
10,2/4/23 6:57,19,25.288,"(2, 1)",1,"[""left"", ""up"", ""up"", ""left"", ""up"", ""up""]",-6
10,2/4/23 6:58,14,58.153,"(2, 0)",1,"[""right"", ""up"", ""up"", ""right"", ""right"", ""up"", ""up"", ""left""]",-8
10,2/4/23 6:58,17,4.924,"(2, 3)",7,"[""up"", ""left"", ""up"", ""up"", ""up"", ""left""]",94
10,2/4/23 6:58,27,4.324,"(1, 3)",9,"[""left"", ""left"", ""left"", ""left"", ""up"", ""up"", ""up"", ""up"", ""right"", ""right""]",90
10,2/4/23 6:59,22,12.555,"(0, 1)",3,"[""up"", ""up"", ""left"", ""up"", ""up"", ""left""]",94
10,2/4/23 6:59,16,21.855,"(3, 1)",3,"[""up"", ""up"", ""left"", ""left"", ""up"", ""up""]",94
10,2/4/23 7:00,26,18.456,"(0, 3)",4,"[""up"", ""left"", ""up"", ""left"", ""left"", ""up"", ""up"", ""right""]",92
10,2/4/23 7:01,1,8.665,"(2, 0)",3,"[""up"", ""right"", ""right"", ""up"", ""up"", ""up""]",94
10,2/4/23 7:01,23,5.556,"(3, 3)",5,"[""up"", ""up"", ""up"", ""up"", ""left"", ""left""]",-6
10,2/4/23 7:01,15,5.755,"(2, 0)",5,"[""up"", ""up"", ""left"", ""up"", ""left"", ""up""]",-6
10,2/4/23 7:02,10,8.423,"(2, 2)",3,"[""right"", ""up"", ""right"", ""right"", ""up"", ""up"", ""left"", ""up""]",92
10,2/4/23 7:02,3,23.785,"(1, 0)",1,"[""up"", ""right"", ""right"", ""up"", ""up"", ""up""]",-6
10,2/4/23 7:03,6,4.122,"(1, 2)",9,"[""up"", ""up"", ""up"", ""right"", ""up"", ""right""]",94
10,2/4/23 7:03,18,7.056,"(4, 2)",5,"[""left"", ""up"", ""up"", ""up"", ""up"", ""left""]",94
10,2/4/23 7:04,25,5.189,"(2, 3)",4,"[""left"", ""up"", ""up"", ""left"", ""left"", ""up"", ""up"", ""right""]",92
10,2/4/23 7:04,13,12.187,"(3, 3)",1,"[""up"", ""right"", ""right"", ""right"", ""up"", ""right"", ""up"", ""up"", ""left"", ""left""]",-10
11,2/13/23 1:32,16,5.561,"(4, 4)",7,"[""up"", ""up"", ""left"", ""left"", ""up"", ""up""]",94
11,2/13/23 1:33,4,6.009,"(0, 2)",9,"[""right"", ""up"", ""right"", ""up"", ""up"", ""up""]",94
11,2/13/23 1:33,9,16.888,"(1, 3)",7,"[""up"", ""up"", ""right"", ""right"", ""up"", ""up""]",94
11,2/13/23 1:33,5,4.7,"(2, 3)",8,"[""right"", ""up"", ""up"", ""up"", ""up"", ""right""]",94
11,2/13/23 1:34,25,4.15,"(1, 0)",9,"[""left"", ""left"", ""up"", ""left"", ""up"", ""up"", ""right"", ""up""]",-8
11,2/13/23 1:34,10,4.975,"(4, 4)",9,"[""up"", ""up"", ""right"", ""right"", ""right"", ""up"", ""up"", ""left""]",-108
11,2/13/23 1:35,23,21.516,"(3, 3)",5,"[""up"", ""up"", ""left"", ""left"", ""up"", ""up""]",94
11,2/13/23 1:35,17,24.832,"(2, 3)",6,"[""left"", ""up"", ""up"", ""up"", ""up"", ""left""]",-6
11,2/13/23 1:36,7,6.948,"(0, 4)",9,"[""up"", ""up"", ""up"", ""right"", ""up"", ""right""]",94
11,2/13/23 1:36,18,2.009,"(4, 2)",9,"[""left"", ""left"", ""up"", ""up"", ""up"", ""up""]",94
11,2/13/23 1:36,20,5.016,"(3, 1)",7,"[""left"", ""left"", ""up"", ""up"", ""up"", ""up""]",94
11,2/13/23 1:37,19,6.489,"(2, 3)",7,"[""up"", ""left"", ""up"", ""up"", ""up"", ""left""]",94
11,2/13/23 1:37,6,2.477,"(1, 1)",9,"[""right"", ""right"", ""up"", ""up"", ""up"", ""up""]",94
11,2/13/23 1:37,11,16.372,"(3, 0)",3,"[""up"", ""up"", ""right"", ""right"", ""right"", ""up"", ""up"", ""left""]",92
11,2/13/23 1:38,1,28.706,"(1, 2)",5,"[""up"", ""up"", ""up"", ""right"", ""up"", ""right""]",94
11,2/13/23 1:38,21,3.854,"(4, 4)",9,"[""up"", ""up"", ""left"", ""left"", ""up"", ""up""]",94
11,2/13/23 1:39,13,4.741,"(3, 3)",9,"[""up"", ""right"", ""right"", ""up"", ""right"", ""right"", ""up"", ""up"", ""left"", ""left""]",-10
11,2/13/23 1:39,22,10.874,"(2, 3)",5,"[""up"", ""up"", ""left"", ""up"", ""up"", ""left""]",94
11,2/13/23 1:40,2,11.028,"(1, 1)",7,"[""right"", ""right"", ""up"", ""up"", ""up"", ""up""]",94
11,2/13/23 1:40,26,9.363,"(2, 1)",5,"[""left"", ""up"", ""up"", ""left"", ""left"", ""up"", ""right"", ""up""]",92
11,2/13/23 1:41,28,3.975,"(1, 2)",9,"[""up"", ""left"", ""left"", ""left"", ""left"", ""up"", ""up"", ""right"", ""right"", ""up""]",90
11,2/13/23 1:41,24,9.621,"(2, 2)",9,"[""left"", ""left"", ""up"", ""left"", ""up"", ""up"", ""up"", ""right""]",92
11,2/13/23 1:42,27,4.245,"(1, 3)",9,"[""left"", ""left"", ""up"", ""left"", ""up"", ""left"", ""up"", ""up"", ""right"", ""right""]",90
11,2/13/23 1:42,12,8.86,"(2, 1)",3,"[""right"", ""up"", ""up"", ""right"", ""right"", ""up"", ""left"", ""up""]",92
11,2/13/23 1:42,15,12.34,"(3, 2)",7,"[""left"", ""up"", ""left"", ""up"", ""up"", ""up""]",94
11,2/13/23 1:43,8,4.588,"(2, 3)",8,"[""up"", ""up"", ""right"", ""up"", ""up"", ""right""]",94
11,2/13/23 1:43,3,6.241,"(1, 0)",7,"[""up"", ""right"", ""up"", ""up"", ""right"", ""up""]",-6
11,2/13/23 1:43,14,3.473,"(3, 2)",8,"[""right"", ""right"", ""up"", ""right"", ""right"", ""up"", ""up"", ""up"", ""left"", ""left""]",-10
12,2/13/23 21:37,25,11.622,"(1, 0)",6,"[""left"", ""up"", ""up"", ""left"", ""left"", ""up"", ""right"", ""up""]",-8
12,2/13/23 21:38,26,19.787,"(2, 1)",8,"[""left"", ""up"", ""up"", ""left"", ""left"", ""up"", ""right"", ""up""]",92
12,2/13/23 21:38,10,9.689,"(2, 2)",9,"[""up"", ""right"", ""right"", ""right"", ""up"", ""up"", ""left"", ""up""]",92
12,2/13/23 21:39,2,11.256,"(1, 1)",7,"[""up"", ""up"", ""up"", ""up"", ""right"", ""right""]",-6
12,2/13/23 21:39,21,6.938,"(4, 4)",9,"[""up"", ""up"", ""up"", ""left"", ""left"", ""up""]",94
12,2/13/23 21:40,28,12.244,"(1, 2)",3,"[""up"", ""left"", ""left"", ""left"", ""left"", ""up"", ""up"", ""up"", ""right"", ""right""]",90
12,2/13/23 21:40,12,20.744,"(2, 1)",4,"[""right"", ""up"", ""up"", ""right"", ""right"", ""up"", ""left"", ""up""]",92
12,2/13/23 21:41,18,3.126,"(4, 2)",9,"[""up"", ""left"", ""up"", ""left"", ""up"", ""up""]",94
12,2/13/23 21:41,5,11.408,"(2, 3)",9,"[""up"", ""up"", ""right"", ""up"", ""up"", ""right""]",94
12,2/13/23 21:41,11,12.678,"(2, 3)",3,"[""right"", ""right"", ""up"", ""right"", ""up"", ""up"", ""up"", ""left""]",92
12,2/13/23 21:42,20,7.942,"(3, 2)",9,"[""up"", ""up"", ""up"", ""up"", ""left"", ""left""]",94
12,2/13/23 21:42,7,7.225,"(0, 4)",9,"[""up"", ""up"", ""up"", ""right"", ""right"", ""up""]",94
12,2/13/23 21:42,23,5.507,"(3, 3)",2,"[""up"", ""up"", ""up"", ""up"", ""left"", ""left""]",-6
12,2/13/23 21:43,19,5.411,"(2, 3)",9,"[""up"", ""left"", ""up"", ""up"", ""up"", ""left""]",94
12,2/13/23 21:43,13,4.856,"(3, 3)",3,"[""right"", ""right"", ""up"", ""up"", ""right"", ""right"", ""up"", ""up"", ""left"", ""left""]",90
12,2/13/23 21:44,9,9.756,"(1, 3)",3,"[""up"", ""up"", ""right"", ""right"", ""up"", ""up""]",94
12,2/13/23 21:44,27,3.21,"(1, 3)",3,"[""up"", ""left"", ""up"", ""left"", ""left"", ""left"", ""up"", ""up"", ""right"", ""right""]",-10
12,2/13/23 21:44,22,11.258,"(2, 3)",6,"[""up"", ""up"", ""up"", ""up"", ""left"", ""left""]",-6
12,2/13/23 21:44,1,9.974,"(1, 2)",6,"[""up"", ""right"", ""right"", ""up"", ""up"", ""up""]",94
12,2/13/23 21:45,3,4.858,"(1, 0)",3,"[""up"", ""right"", ""up"", ""up"", ""up"", ""right""]",94
12,2/13/23 21:45,17,1.955,"(3, 0)",3,"[""up"", ""left"", ""up"", ""left"", ""up"", ""up""]",-6
12,2/13/23 21:45,6,3.572,"(1, 1)",9,"[""right"", ""right"", ""up"", ""up"", ""up"", ""up""]",94
12,2/13/23 21:46,24,4.625,"(2, 2)",9,"[""left"", ""up"", ""left"", ""left"", ""up"", ""up"", ""up"", ""right""]",92
12,2/13/23 21:46,15,4.16,"(3, 2)",6,"[""left"", ""up"", ""left"", ""up"", ""up"", ""up""]",94
12,2/13/23 21:46,14,4.656,"(3, 2)",5,"[""right"", ""up"", ""right"", ""right"", ""right"", ""up"", ""up"", ""up"", ""left"", ""left""]",90
12,2/13/23 21:47,4,3.404,"(0, 2)",9,"[""right"", ""right"", ""up"", ""up"", ""up"", ""up""]",94
12,2/13/23 21:47,8,7.021,"(0, 4)",5,"[""up"", ""up"", ""up"", ""right"", ""right"", ""up""]",-6
12,2/13/23 21:48,16,4.245,"(3, 1)",8,"[""left"", ""left"", ""up"", ""up"", ""up"", ""up""]",94
13,2/13/23 22:34,20,6.034,"(3, 1)",8,"[""up"", ""up"", ""up"", ""left"", ""left"", ""up""]",94
13,2/13/23 22:34,15,2.21,"(2, 0)",7,"[""left"", ""up"", ""up"", ""up"", ""up"", ""left""]",-6
13,2/13/23 22:34,2,2.764,"(0, 4)",6,"[""right"", ""up"", ""up"", ""up"", ""up"", ""right""]",-6
13,2/13/23 22:36,17,7.874,"(3, 0)",7,"[""up"", ""left"", ""up"", ""up"", ""left"", ""up""]",-6
13,2/13/23 22:37,5,2.026,"(2, 3)",5,"[""up"", ""up"", ""up"", ""up"", ""right"", ""right""]",94
13,2/13/23 22:41,18,4.15,"(4, 2)",9,"[""left"", ""up"", ""left"", ""up"", ""up"", ""up""]",94
13,2/13/23 22:41,6,3.425,"(1, 1)",9,"[""up"", ""up"", ""up"", ""up"", ""right"", ""right""]",94
13,2/13/23 22:42,24,9.916,"(2, 2)",6,"[""left"", ""left"", ""up"", ""left"", ""up"", ""up"", ""right"", ""up""]",92
13,2/13/23 22:43,4,46.623,"(0, 2)",6,"[""up"", ""right"", ""right"", ""up"", ""up"", ""up""]",94
13,2/13/23 22:43,11,5.163,"(3, 0)",8,"[""up"", ""up"", ""right"", ""right"", ""right"", ""up"", ""left"", ""up""]",-8
13,2/13/23 22:43,1,4.979,"(2, 0)",6,"[""up"", ""up"", ""right"", ""up"", ""right"", ""up""]",-6
13,2/13/23 22:44,21,4.713,"(4, 4)",7,"[""up"", ""up"", ""up"", ""left"", ""left"", ""up""]",94
13,2/13/23 22:44,8,12.191,"(2, 3)",6,"[""up"", ""up"", ""right"", ""up"", ""up"", ""right""]",94
13,2/13/23 22:45,19,8.751,"(2, 1)",5,"[""left"", ""up"", ""up"", ""left"", ""up"", ""up""]",-6
13,2/13/23 22:45,27,2.943,"(1, 3)",9,"[""left"", ""left"", ""left"", ""up"", ""left"", ""up"", ""up"", ""up"", ""right"", ""right""]",90
13,2/13/23 22:45,16,9.666,"(4, 4)",8,"[""up"", ""up"", ""left"", ""up"", ""up"", ""left""]",94
13,2/13/23 22:46,25,2.172,"(1, 0)",7,"[""up"", ""up"", ""left"", ""left"", ""left"", ""up"", ""right"", ""up""]",-8
13,2/13/23 22:47,26,3.149,"(2, 1)",5,"[""up"", ""left"", ""up"", ""left"", ""left"", ""up"", ""right"", ""up""]",92
13,2/13/23 22:47,14,7.414,"(3, 2)",5,"[""right"", ""up"", ""right"", ""right"", ""right"", ""up"", ""up"", ""left"", ""left"", ""up""]",90
13,2/13/23 22:48,12,2.563,"(2, 1)",6,"[""up"", ""right"", ""up"", ""right"", ""right"", ""up"", ""left"", ""up""]",92
13,2/13/23 22:48,9,3.508,"(0, 4)",6,"[""up"", ""up"", ""up"", ""right"", ""right"", ""up""]",-6
13,2/13/23 22:48,22,5.02,"(4, 4)",6,"[""up"", ""up"", ""left"", ""up"", ""left"", ""up""]",-6
13,2/13/23 22:49,3,4.077,"(1, 0)",8,"[""up"", ""up"", ""up"", ""right"", ""up"", ""right""]",94
13,2/13/23 22:49,13,3.647,"(3, 3)",7,"[""right"", ""right"", ""right"", ""right"", ""up"", ""up"", ""up"", ""up"", ""left"", ""left""]",90
13,2/13/23 22:50,10,4.491,"(2, 2)",7,"[""up"", ""right"", ""right"", ""right"", ""up"", ""up"", ""left"", ""up""]",92
13,2/13/23 22:50,23,9.86,"(3, 3)",8,"[""up"", ""up"", ""left"", ""left"", ""up"", ""up""]",94
13,2/13/23 22:50,28,3.545,"(1, 2)",6,"[""left"", ""left"", ""up"", ""left"", ""left"", ""up"", ""up"", ""right"", ""right"", ""up""]",-10
13,2/13/23 22:51,7,1.765,"(0, 4)",6,"[""up"", ""up"", ""up"", ""right"", ""up"", ""right""]",94
14,2/14/23 3:02,27,8.435,"(1, 3)",7,"[""left"", ""up"", ""left"", ""up"", ""left"", ""left"", ""up"", ""up"", ""right"", ""right""]",-10
14,2/14/23 3:02,11,12.692,"(2, 3)",8,"[""up"", ""right"", ""up"", ""right"", ""right"", ""up"", ""up"", ""left""]",92
14,2/14/23 3:03,3,20.434,"(1, 0)",9,"[""up"", ""right"", ""right"", ""up"", ""up"", ""up""]",-6
14,2/14/23 3:03,10,8.658,"(2, 2)",8,"[""up"", ""right"", ""right"", ""right"", ""up"", ""up"", ""up"", ""left""]",92
14,2/14/23 3:04,26,13.687,"(2, 1)",9,"[""left"", ""left"", ""left"", ""up"", ""up"", ""up"", ""up"", ""right""]",92
14,2/14/23 3:04,16,7.589,"(3, 1)",9,"[""up"", ""up"", ""left"", ""left"", ""up"", ""up""]",94
14,2/14/23 3:05,24,4.382,"(2, 2)",9,"[""up"", ""left"", ""left"", ""left"", ""up"", ""up"", ""right"", ""up""]",92
14,2/14/23 3:05,28,24.385,"(1, 2)",9,"[""left"", ""left"", ""up"", ""left"", ""left"", ""up"", ""up"", ""right"", ""right"", ""up""]",-10
14,2/14/23 3:06,6,6.11,"(1, 2)",9,"[""up"", ""up"", ""up"", ""right"", ""up"", ""right""]",94
14,2/14/23 3:06,4,6.812,"(0, 2)",9,"[""up"", ""right"", ""right"", ""up"", ""up"", ""up""]",94
14,2/14/23 3:07,25,8.403,"(1, 0)",5,"[""left"", ""left"", ""up"", ""left"", ""up"", ""up"", ""right"", ""up""]",-8
14,2/14/23 3:07,17,10.983,"(2, 3)",8,"[""up"", ""left"", ""up"", ""up"", ""up"", ""left""]",94
14,2/14/23 3:08,14,8.605,"(3, 2)",6,"[""up"", ""right"", ""right"", ""right"", ""right"", ""up"", ""up"", ""up"", ""left"", ""left""]",90
14,2/14/23 3:08,13,4.046,"(3, 3)",8,"[""up"", ""right"", ""right"", ""right"", ""up"", ""right"", ""up"", ""up"", ""left"", ""left""]",-10
14,2/14/23 3:08,7,8.524,"(0, 4)",9,"[""up"", ""up"", ""right"", ""up"", ""right"", ""up""]",94
14,2/14/23 3:09,8,25.511,"(2, 3)",5,"[""up"", ""up"", ""right"", ""up"", ""up"", ""right""]",94
14,2/14/23 3:09,22,12.233,"(2, 3)",5,"[""up"", ""up"", ""up"", ""left"", ""up"", ""left""]",94
14,2/14/23 3:10,21,11.358,"(4, 4)",8,"[""up"", ""up"", ""left"", ""left"", ""up"", ""up""]",94
14,2/14/23 3:10,5,10.859,"(2, 3)",7,"[""up"", ""right"", ""up"", ""up"", ""up"", ""right""]",94
14,2/14/23 3:11,12,30.287,"(0, 2)",5,"[""up"", ""right"", ""up"", ""right"", ""right"", ""up"", ""left"", ""up""]",92
14,2/14/23 3:11,18,4.686,"(4, 2)",9,"[""left"", ""left"", ""up"", ""up"", ""up"", ""up""]",94
14,2/14/23 3:12,2,12.565,"(1, 1)",6,"[""right"", ""right"", ""up"", ""up"", ""up"", ""up""]",94
14,2/14/23 3:12,15,10.911,"(2, 0)",9,"[""up"", ""left"", ""up"", ""up"", ""up"", ""left""]",-6
14,2/14/23 3:13,23,7.001,"(3, 3)",5,"[""up"", ""up"", ""up"", ""up"", ""left"", ""left""]",-6
14,2/14/23 3:13,9,9.085,"(1, 3)",3,"[""up"", ""up"", ""up"", ""up"", ""right"", ""right""]",-6
14,2/14/23 3:14,19,17.626,"(2, 3)",9,"[""left"", ""up"", ""up"", ""up"", ""up"", ""left""]",94
14,2/14/23 3:14,20,12.082,"(3, 2)",9,"[""up"", ""up"", ""up"", ""left"", ""up"", ""left""]",94
14,2/14/23 3:15,1,13.567,"(2, 0)",5,"[""up"", ""up"", ""up"", ""right"", ""up"", ""right""]",94
15,2/14/23 4:52,18,20.365,"(3, 0)",8,"[""right"", ""right"", ""up"", ""up"", ""right"", ""up"", ""up"", ""left""]",92
15,2/14/23 4:52,4,4.7,"(0, 2)",9,"[""right"", ""up"", ""right"", ""up"", ""up"", ""up""]",94
15,2/14/23 4:53,20,7.633,"(3, 1)",8,"[""left"", ""left"", ""up"", ""up"", ""up"", ""up""]",94
15,2/14/23 4:53,23,20.947,"(4, 4)",7,"[""up"", ""up"", ""up"", ""left"", ""left"", ""up""]",-6
15,2/14/23 4:53,13,5.185,"(3, 3)",8,"[""up"", ""right"", ""right"", ""up"", ""right"", ""right"", ""up"", ""up"", ""left"", ""left""]",-10
15,2/14/23 4:54,9,5.183,"(1, 3)",7,"[""up"", ""up"", ""up"", ""up"", ""right"", ""right""]",-6
15,2/14/23 4:54,1,6.637,"(2, 0)",7,"[""up"", ""right"", ""up"", ""up"", ""right"", ""up""]",-6
15,2/14/23 4:54,22,6.741,"(2, 3)",8,"[""up"", ""up"", ""up"", ""left"", ""up"", ""left""]",94
15,2/14/23 4:55,17,5.957,"(3, 0)",9,"[""up"", ""up"", ""up"", ""left"", ""up"", ""left""]",94
15,2/14/23 4:55,2,7.606,"(1, 1)",7,"[""up"", ""up"", ""right"", ""right"", ""up"", ""up""]",94
15,2/14/23 4:56,26,8.848,"(4, 2)",8,"[""up"", ""left"", ""up"", ""left"", ""left"", ""up"", ""up"", ""right""]",92
15,2/14/23 4:56,7,6.749,"(0, 4)",9,"[""up"", ""up"", ""up"", ""right"", ""up"", ""right""]",94
15,2/14/23 4:56,8,4.891,"(0, 4)",8,"[""up"", ""up"", ""up"", ""right"", ""right"", ""up""]",-6
15,2/14/23 4:56,25,5.398,"(1, 0)",8,"[""up"", ""up"", ""left"", ""left"", ""left"", ""up"", ""right"", ""up""]",-8
15,2/14/23 4:57,21,5.263,"(4, 4)",9,"[""up"", ""up"", ""up"", ""left"", ""left"", ""up""]",94
15,2/14/23 4:57,19,6.318,"(2, 3)",8,"[""up"", ""left"", ""up"", ""up"", ""up"", ""left""]",94
15,2/14/23 4:58,12,12.786,"(0, 2)",8,"[""up"", ""right"", ""right"", ""right"", ""up"", ""up"", ""left"", ""up""]",-8
15,2/14/23 4:58,3,9.144,"(1, 0)",8,"[""up"", ""up"", ""up"", ""right"", ""up"", ""right""]",94
15,2/14/23 4:58,16,10.216,"(3, 1)",8,"[""up"", ""up"", ""up"", ""left"", ""up"", ""left""]",94
15,2/14/23 4:59,14,11.737,"(3, 2)",9,"[""up"", ""right"", ""right"", ""right"", ""right"", ""up"", ""up"", ""left"", ""up"", ""left""]",90
15,2/14/23 4:59,27,4.965,"(1, 3)",9,"[""up"", ""up"", ""left"", ""left"", ""left"", ""left"", ""up"", ""up"", ""right"", ""right""]",90
15,2/14/23 5:00,18,5.181,"(4, 2)",9,"[""up"", ""left"", ""up"", ""up"", ""up"", ""left""]",94
15,2/14/23 5:00,10,9.567,"(2, 2)",8,"[""right"", ""up"", ""right"", ""right"", ""up"", ""up"", ""up"", ""left""]",92
15,2/14/23 5:00,5,10.174,"(2, 3)",8,"[""right"", ""up"", ""up"", ""up"", ""up"", ""right""]",94
15,2/14/23 5:01,24,4.255,"(2, 2)",9,"[""left"", ""left"", ""left"", ""up"", ""up"", ""up"", ""right"", ""up""]",92
15,2/14/23 5:01,6,9.862,"(1, 2)",9,"[""right"", ""right"", ""up"", ""up"", ""up"", ""up""]",94
15,2/14/23 5:02,28,11.406,"(1, 2)",8,"[""left"", ""left"", ""up"", ""left"", ""left"", ""up"", ""up"", ""right"", ""up"", ""right""]",-10
15,2/14/23 5:02,15,6.544,"(2, 0)",7,"[""up"", ""up"", ""left"", ""left"", ""up"", ""up""]",-6
16,2/14/23 5:37,18,3.72,"(4, 2)",8,"[""up"", ""left"", ""left"", ""up"", ""up"", ""up""]",94
16,2/14/23 5:38,27,3.728,"(1, 3)",6,"[""up"", ""up"", ""left"", ""left"", ""left"", ""left"", ""up"", ""up"", ""right"", ""right""]",90
16,2/14/23 5:38,8,6.826,"(0, 4)",6,"[""up"", ""up"", ""right"", ""right"", ""up"", ""up""]",-6
16,2/14/23 5:38,21,2.78,"(4, 4)",8,"[""up"", ""up"", ""left"", ""left"", ""up"", ""up""]",94
16,2/14/23 5:39,3,3.458,"(1, 0)",7,"[""up"", ""right"", ""right"", ""up"", ""up"", ""up""]",-6
16,2/14/23 5:39,20,1.978,"(3, 1)",8,"[""left"", ""left"", ""up"", ""up"", ""up"", ""up""]",94
16,2/14/23 5:40,17,14.694,"(3, 0)",7,"[""up"", ""left"", ""left"", ""up"", ""up"", ""up""]",-6
16,2/14/23 5:40,10,2.823,"(2, 2)",8,"[""up"", ""right"", ""right"", ""right"", ""up"", ""up"", ""up"", ""left""]",92
16,2/14/23 5:40,16,5.996,"(4, 4)",6,"[""left"", ""up"", ""up"", ""up"", ""left"", ""up""]",-6
16,2/14/23 5:40,24,2.23,"(2, 2)",7,"[""left"", ""left"", ""up"", ""left"", ""up"", ""up"", ""up"", ""right""]",92
16,2/14/23 5:41,2,6.16,"(0, 4)",6,"[""right"", ""up"", ""up"", ""up"", ""right"", ""up""]",-6
16,2/14/23 5:41,6,2.408,"(1, 2)",8,"[""right"", ""right"", ""up"", ""up"", ""up"", ""up""]",94
16,2/14/23 5:41,11,1.989,"(3, 0)",6,"[""right"", ""up"", ""right"", ""up"", ""right"", ""up"", ""left"", ""up""]",-8
16,2/14/23 5:41,12,5.614,"(2, 1)",7,"[""right"", ""right"", ""right"", ""up"", ""up"", ""up"", ""up"", ""left""]",92
16,2/14/23 5:42,26,2.358,"(2, 1)",7,"[""left"", ""up"", ""up"", ""left"", ""left"", ""up"", ""right"", ""up""]",92
16,2/14/23 5:43,9,36.46,"(1, 3)",5,"[""up"", ""up"", ""right"", ""right"", ""up"", ""up""]",94
16,2/14/23 5:43,28,23.238,"(1, 2)",5,"[""up"", ""left"", ""left"", ""left"", ""left"", ""up"", ""up"", ""up"", ""right"", ""right""]",90
16,2/14/23 5:44,23,32.63,"(3, 3)",6,"[""up"", ""up"", ""left"", ""left"", ""up"", ""up""]",94
16,2/14/23 5:44,14,7.373,"(3, 2)",5,"[""right"", ""up"", ""right"", ""right"", ""right"", ""up"", ""up"", ""up"", ""left"", ""left""]",90
16,2/14/23 5:45,19,5.972,"(2, 3)",7,"[""left"", ""up"", ""up"", ""up"", ""up"", ""left""]",94
16,2/14/23 5:45,25,1.805,"(1, 0)",7,"[""left"", ""up"", ""up"", ""left"", ""left"", ""up"", ""up"", ""right""]",92
16,2/14/23 5:45,4,2.985,"(0, 2)",9,"[""right"", ""up"", ""up"", ""up"", ""up"", ""right""]",94
16,2/14/23 5:46,7,3.466,"(0, 4)",8,"[""up"", ""up"", ""right"", ""up"", ""right"", ""up""]",94
16,2/14/23 5:46,13,4.383,"(3, 3)",8,"[""up"", ""up"", ""right"", ""right"", ""right"", ""right"", ""up"", ""up"", ""left"", ""left""]",90
16,2/14/23 5:46,5,3.663,"(2, 3)",8,"[""up"", ""up"", ""up"", ""up"", ""right"", ""right""]",94
16,2/14/23 5:47,15,24.624,"(3, 2)",7,"[""left"", ""left"", ""up"", ""up"", ""up"", ""up""]",-6
16,2/14/23 5:48,1,23.643,"(1, 2)",6,"[""up"", ""right"", ""right"", ""up"", ""up"", ""up""]",94
16,2/14/23 5:48,22,24.745,"(2, 3)",5,"[""up"", ""up"", ""up"", ""up"", ""left"", ""left""]",-6
17,2/1/23 6:11,20,5.223,"(3, 1)",7,"[""left"", ""left"", ""up"", ""up"", ""up"", ""up""]",94
17,2/1/23 6:12,25,5.28,"(1, 0)",6,"[""left"", ""up"", ""left"", ""left"", ""up"", ""up"", ""up"", ""right""]",92
17,2/1/23 6:12,1,3.461,"(2, 0)",7,"[""up"", ""right"", ""up"", ""up"", ""right"", ""up""]",-6
17,2/1/23 6:12,19,6.958,"(2, 1)",7,"[""up"", ""left"", ""up"", ""up"", ""left"", ""up""]",-6
17,2/1/23 6:13,13,4.062,"(1, 1)",6,"[""up"", ""up"", ""right"", ""right"", ""right"", ""up"", ""up"", ""left""]",-8
17,2/1/23 6:13,7,13.506,"(0, 4)",6,"[""up"", ""up"", ""right"", ""right"", ""up"", ""up""]",94
17,2/1/23 6:13,15,2.281,"(2, 0)",7,"[""up"", ""up"", ""up"", ""left"", ""up"", ""left""]",94
17,2/1/23 6:14,3,4.976,"(1, 0)",7,"[""up"", ""right"", ""right"", ""up"", ""up"", ""up""]",-6
17,2/1/23 6:14,12,8.341,"(4, 3)",7,"[""right"", ""right"", ""up"", ""right"", ""up"", ""up"", ""up"", ""left""]",-8
17,2/1/23 6:14,27,5.645,"(3, 1)",6,"[""left"", ""left"", ""up"", ""left"", ""up"", ""up"", ""up"", ""right""]",-8
17,2/1/23 6:15,22,13.447,"(4, 4)",6,"[""up"", ""up"", ""left"", ""up"", ""up"", ""left""]",94
17,2/1/23 6:15,24,6.716,"(2, 2)",7,"[""left"", ""left"", ""left"", ""up"", ""up"", ""up"", ""right"", ""up""]",92
17,2/1/23 6:15,6,3.067,"(1, 1)",7,"[""right"", ""right"", ""up"", ""up"", ""up"", ""up""]",94
17,2/1/23 6:15,23,4.085,"(3, 3)",7,"[""up"", ""up"", ""up"", ""up"", ""left"", ""left""]",-6
17,2/1/23 6:16,21,5.388,"(4, 4)",7,"[""up"", ""up"", ""up"", ""left"", ""left"", ""up""]",94
17,2/1/23 6:16,2,2.086,"(1, 1)",6,"[""up"", ""up"", ""right"", ""up"", ""right"", ""up""]",94
17,2/1/23 6:16,5,7.87,"(2, 1)",7,"[""right"", ""up"", ""up"", ""up"", ""right"", ""up""]",-6
17,2/1/23 6:17,28,14.257,"(1, 2)",5,"[""left"", ""up"", ""left"", ""left"", ""left"", ""up"", ""up"", ""up"", ""right"", ""right""]",90
17,2/1/23 6:17,18,2.634,"(4, 2)",7,"[""up"", ""left"", ""left"", ""up"", ""up"", ""up""]",94
17,2/1/23 6:17,11,1.787,"(3, 0)",6,"[""up"", ""up"", ""right"", ""right"", ""right"", ""up"", ""up"", ""left""]",92
17,2/1/23 6:17,9,4.532,"(1, 3)",5,"[""up"", ""up"", ""up"", ""up"", ""right"", ""right""]",-6
17,2/1/23 6:18,4,1.986,"(0, 2)",7,"[""right"", ""up"", ""right"", ""up"", ""up"", ""up""]",94
17,2/1/23 6:18,14,1.839,"(2, 0)",6,"[""right"", ""up"", ""up"", ""right"", ""right"", ""up"", ""up"", ""left""]",-8
17,2/1/23 6:18,17,1.463,"(3, 0)",8,"[""up"", ""left"", ""left"", ""up"", ""up"", ""up""]",-6
17,2/1/23 6:18,26,9.413,"(4, 2)",7,"[""up"", ""left"", ""up"", ""left"", ""left"", ""up"", ""right"", ""up""]",92
17,2/1/23 6:19,16,1.384,"(3, 1)",7,"[""left"", ""left"", ""up"", ""up"", ""up"", ""up""]",94
17,2/1/23 6:19,8,2.393,"(0, 4)",7,"[""up"", ""up"", ""right"", ""up"", ""right"", ""up""]",-6
17,2/1/23 6:19,10,7.219,"(2, 2)",7,"[""up"", ""right"", ""right"", ""right"", ""up"", ""up"", ""left"", ""up""]",92
18,7/11/24 16:24,28,19.037,"(2, 0)",5,"[""left"", ""up"", ""up"", ""left"", ""left"", ""up"", ""up"", ""right""]",-8
18,7/11/24 16:24,12,11.002,"(4, 3)",4,"[""right"", ""up"", ""up"", ""right"", ""right"", ""up"", ""up"", ""left""]",92
18,7/11/24 16:25,8,4.236,"(2, 3)",6,"[""up"", ""up"", ""right"", ""up"", ""up"", ""right""]",94
18,7/11/24 16:25,21,11.089,"(3, 1)",6,"[""up"", ""up"", ""up"", ""up"", ""left"", ""left""]",-6
18,7/11/24 16:26,15,14.133,"(2, 0)",5,"[""left"", ""up"", ""up"", ""left"", ""up"", ""up""]",-6
18,7/11/24 16:26,3,6.413,"(1, 0)",5,"[""up"", ""up"", ""right"", ""right"", ""up"", ""up""]",-6
18,7/11/24 16:27,23,4.27,"(3, 3)",5,"[""up"", ""up"", ""up"", ""up"", ""left"", ""left""]",-6
18,7/11/24 16:27,6,3.564,"(1, 2)",6,"[""up"", ""up"", ""up"", ""right"", ""right"", ""up""]",94
18,7/11/24 16:27,14,7.469,"(3, 2)",5,"[""up"", ""right"", ""right"", ""right"", ""right"", ""up"", ""up"", ""up"", ""left"", ""left""]",90
18,7/11/24 16:28,1,13.029,"(1, 2)",5,"[""up"", ""up"", ""up"", ""up"", ""right"", ""right""]",94
18,7/11/24 16:29,7,29.133,"(0, 4)",4,"[""up"", ""up"", ""right"", ""up"", ""up"", ""right""]",94
18,7/11/24 16:29,19,4.629,"(2, 3)",6,"[""up"", ""left"", ""up"", ""up"", ""up"", ""left""]",94
18,7/11/24 16:29,11,10.039,"(2, 3)",6,"[""right"", ""up"", ""right"", ""up"", ""right"", ""up"", ""up"", ""left""]",92
18,7/11/24 16:30,25,3.894,"(2, 3)",6,"[""left"", ""left"", ""up"", ""left"", ""up"", ""up"", ""up"", ""right""]",92
18,7/11/24 16:31,27,23.846,"(3, 1)",5,"[""up"", ""up"", ""left"", ""left"", ""left"", ""up"", ""up"", ""right""]",-8
18,7/11/24 16:31,5,22.424,"(2, 1)",5,"[""up"", ""up"", ""right"", ""right"", ""up"", ""up""]",-6
18,7/11/24 16:32,2,2.501,"(1, 1)",6,"[""right"", ""right"", ""up"", ""up"", ""up"", ""up""]",94
18,7/11/24 16:32,26,23.033,"(2, 1)",4,"[""left"", ""up"", ""up"", ""left"", ""left"", ""up"", ""up"", ""right""]",92
18,7/11/24 16:33,20,2.286,"(3, 2)",6,"[""up"", ""up"", ""up"", ""up"", ""left"", ""left""]",94
18,7/11/24 16:33,18,3.51,"(4, 3)",6,"[""up"", ""left"", ""up"", ""up"", ""up"", ""left""]",94
18,7/11/24 16:33,24,4.171,"(2, 2)",6,"[""left"", ""left"", ""up"", ""left"", ""up"", ""up"", ""right"", ""up""]",92
18,7/11/24 16:34,4,2.853,"(0, 3)",6,"[""right"", ""right"", ""up"", ""up"", ""up"", ""up""]",94
18,7/11/24 16:34,13,6.617,"(3, 3)",4,"[""up"", ""up"", ""right"", ""right"", ""right"", ""right"", ""up"", ""up"", ""left"", ""left""]",90
18,7/11/24 16:34,16,3.207,"(3, 1)",5,"[""up"", ""up"", ""left"", ""up"", ""left"", ""up""]",94
18,7/11/24 16:35,10,3.118,"(2, 2)",5,"[""right"", ""right"", ""right"", ""up"", ""up"", ""up"", ""left"", ""up""]",92
18,7/11/24 16:35,17,16.062,"(2, 3)",4,"[""up"", ""up"", ""left"", ""up"", ""up"", ""left""]",94
18,7/11/24 16:35,9,3.997,"(1, 3)",6,"[""up"", ""up"", ""right"", ""right"", ""up"", ""up""]",94
18,7/11/24 16:36,22,16.606,"(0, 1)",5,"[""up"", ""up"", ""left"", ""up"", ""left"", ""up""]",-6
19,7/15/24 18:18,23,7.981,"(3, 3)",8,"[""up"", ""up"", ""up"", ""up"", ""left"", ""left""]",-6
19,7/15/24 18:19,2,5.402,"(0, 4)",7,"[""up"", ""up"", ""right"", ""up"", ""right"", ""up""]",94
19,7/15/24 18:19,21,9.233,"(4, 4)",7,"[""up"", ""up"", ""left"", ""left"", ""up"", ""up""]",94
19,7/15/24 18:19,1,7.286,"(1, 2)",6,"[""right"", ""right"", ""up"", ""up"", ""up"", ""up""]",-6
19,7/15/24 18:20,10,6.793,"(0, 2)",7,"[""up"", ""right"", ""right"", ""up"", ""right"", ""up"", ""up"", ""left""]",-8
19,7/15/24 18:20,14,7.943,"(2, 0)",5,"[""up"", ""up"", ""right"", ""right"", ""right"", ""up"", ""left"", ""up""]",-8
19,7/15/24 18:20,8,4.741,"(2, 3)",6,"[""up"", ""up"", ""up"", ""up"", ""right"", ""right""]",-6
19,7/15/24 18:21,9,5.152,"(1, 3)",5,"[""up"", ""up"", ""up"", ""up"", ""right"", ""right""]",-6
19,7/15/24 18:21,6,6.814,"(1, 2)",6,"[""right"", ""right"", ""up"", ""up"", ""up"", ""up""]",94
19,7/15/24 18:22,17,8.358,"(2, 3)",6,"[""up"", ""left"", ""up"", ""up"", ""up"", ""left""]",94
19,7/15/24 18:22,22,9.439,"(2, 3)",6,"[""up"", ""up"", ""up"", ""up"", ""left"", ""left""]",-6
19,7/15/24 18:22,27,5.639,"(1, 3)",5,"[""left"", ""left"", ""up"", ""up"", ""left"", ""left"", ""up"", ""up"", ""right"", ""right""]",90
19,7/15/24 18:23,11,4.662,"(3, 0)",6,"[""up"", ""right"", ""right"", ""right"", ""up"", ""up"", ""left"", ""up""]",-8
19,7/15/24 18:23,28,12.113,"(2, 0)",6,"[""left"", ""up"", ""left"", ""left"", ""up"", ""up"", ""right"", ""up""]",-8
19,7/15/24 18:24,26,7.727,"(2, 1)",5,"[""up"", ""up"", ""left"", ""left"", ""left"", ""up"", ""right"", ""up""]",-8
19,7/15/24 18:24,18,6.444,"(4, 2)",5,"[""up"", ""left"", ""left"", ""up"", ""up"", ""up""]",94
19,7/15/24 18:24,12,11.976,"(4, 3)",6,"[""up"", ""right"", ""right"", ""right"", ""up"", ""up"", ""left"", ""up""]",-8
19,7/15/24 18:25,3,6.097,"(1, 0)",4,"[""up"", ""right"", ""right"", ""up"", ""up"", ""up""]",-6
19,7/15/24 18:25,13,3.993,"(3, 3)",5,"[""right"", ""up"", ""right"", ""up"", ""right"", ""right"", ""up"", ""up"", ""left"", ""left""]",-10
19,7/15/24 18:25,20,7.462,"(3, 2)",5,"[""left"", ""left"", ""up"", ""up"", ""up"", ""up""]",94
19,7/15/24 18:26,25,4.877,"(1, 0)",5,"[""up"", ""left"", ""up"", ""left"", ""left"", ""up"", ""up"", ""right""]",92
19,7/15/24 18:26,16,11.971,"(4, 4)",5,"[""left"", ""left"", ""up"", ""up"", ""up"", ""up""]",94
19,7/15/24 18:27,7,8.196,"(0, 4)",5,"[""up"", ""up"", ""up"", ""right"", ""up"", ""right""]",94
19,7/15/24 18:27,5,6.724,"(2, 3)",5,"[""up"", ""right"", ""up"", ""up"", ""up"", ""right""]",94
19,7/15/24 18:28,19,7.792,"(2, 3)",5,"[""left"", ""up"", ""up"", ""up"", ""up"", ""left""]",94
19,7/15/24 18:28,4,5.163,"(0, 2)",5,"[""right"", ""right"", ""up"", ""up"", ""up"", ""up""]",94
19,7/15/24 18:28,15,8.591,"(3, 2)",4,"[""left"", ""left"", ""up"", ""up"", ""up"", ""up""]",-6
19,7/15/24 18:29,24,5.286,"(2, 2)",6,"[""left"", ""up"", ""left"", ""left"", ""up"", ""up"", ""right"", ""up""]",92
20,7/16/24 18:16,23,13.297,"(3, 3)",5,"[""up"", ""up"", ""left"", ""left"", ""up"", ""up""]",94
20,7/16/24 18:16,28,4.207,"(2, 0)",6,"[""left"", ""up"", ""up"", ""left"", ""left"", ""up"", ""right"", ""up""]",-8
20,7/16/24 18:17,7,2.739,"(0, 4)",5,"[""up"", ""up"", ""right"", ""up"", ""up"", ""right""]",94
20,7/16/24 18:17,10,8.794,"(2, 2)",4,"[""right"", ""up"", ""right"", ""right"", ""up"", ""up"", ""up"", ""left""]",92
20,7/16/24 18:18,24,2.844,"(2, 2)",7,"[""up"", ""left"", ""left"", ""left"", ""up"", ""up"", ""up"", ""right""]",92
20,7/16/24 18:18,5,5.83,"(2, 1)",4,"[""right"", ""up"", ""up"", ""up"", ""right"", ""up""]",-6
20,7/16/24 18:18,6,5.326,"(1, 2)",6,"[""right"", ""right"", ""up"", ""up"", ""up"", ""up""]",94
20,7/16/24 18:19,13,5.309,"(3, 3)",4,"[""up"", ""right"", ""up"", ""right"", ""right"", ""right"", ""up"", ""up"", ""left"", ""left""]",-10
20,7/16/24 18:19,8,7.947,"(2, 3)",5,"[""up"", ""up"", ""right"", ""up"", ""up"", ""right""]",94
20,7/16/24 18:19,21,6.702,"(4, 4)",7,"[""up"", ""up"", ""left"", ""up"", ""left"", ""up""]",94
20,7/16/24 18:20,1,6.874,"(1, 2)",7,"[""up"", ""up"", ""up"", ""up"", ""right"", ""right""]",94
20,7/16/24 18:20,17,6.596,"(2, 3)",8,"[""left"", ""up"", ""up"", ""up"", ""up"", ""left""]",-6
20,7/16/24 18:20,9,4.93,"(1, 3)",8,"[""up"", ""up"", ""right"", ""right"", ""up"", ""up""]",94
20,7/16/24 18:21,15,4.45,"(3, 2)",5,"[""up"", ""up"", ""up"", ""left"", ""up"", ""left""]",94
20,7/16/24 18:21,16,2.292,"(3, 1)",7,"[""left"", ""left"", ""up"", ""up"", ""up"", ""up""]",94
20,7/16/24 18:21,20,1.881,"(3, 2)",5,"[""up"", ""up"", ""up"", ""up"", ""left"", ""left""]",94
20,7/16/24 18:22,14,16.887,"(2, 0)",2,"[""right"", ""up"", ""right"", ""right"", ""up"", ""up"", ""left"", ""up""]",-8
20,7/16/24 18:22,3,5.845,"(2, 3)",2,"[""right"", ""up"", ""up"", ""up"", ""up"", ""right""]",-6
20,7/16/24 18:23,19,4.601,"(2, 3)",3,"[""left"", ""up"", ""up"", ""up"", ""up"", ""left""]",94
20,7/16/24 18:23,22,2.006,"(4, 4)",4,"[""up"", ""up"", ""up"", ""left"", ""up"", ""left""]",94
20,7/16/24 18:23,12,4.354,"(2, 1)",3,"[""up"", ""up"", ""right"", ""right"", ""right"", ""up"", ""left"", ""up""]",-8
20,7/16/24 18:24,18,3.923,"(4, 2)",6,"[""left"", ""left"", ""up"", ""up"", ""up"", ""up""]",94
20,7/16/24 18:24,2,4.43,"(1, 1)",3,"[""up"", ""up"", ""up"", ""up"", ""right"", ""right""]",-6
20,7/16/24 18:24,27,3.478,"(1, 3)",3,"[""left"", ""left"", ""left"", ""left"", ""up"", ""up"", ""up"", ""up"", ""right"", ""right""]",90
20,7/16/24 18:24,4,3.028,"(0, 2)",5,"[""up"", ""right"", ""right"", ""up"", ""up"", ""up""]",94
20,7/16/24 18:25,11,4.131,"(2, 3)",5,"[""right"", ""up"", ""right"", ""up"", ""right"", ""up"", ""up"", ""left""]",92
20,7/16/24 18:25,25,2.266,"(2, 3)",4,"[""up"", ""up"", ""left"", ""left"", ""left"", ""up"", ""up"", ""right""]",92
20,7/16/24 18:25,26,5.013,"(2, 1)",3,"[""left"", ""left"", ""left"", ""up"", ""up"", ""up"", ""right"", ""up""]",92